{
  "train_losses": [
    0.0
  ],
  "val_losses": [
    1.3951873779296875
  ],
  "best_val_loss": 1.3951873779296875
}