{
  "train_losses": [
    1897.6748660566175,
    0.24754364087301142,
    0.22378310385872335,
    0.23357103852664723,
    0.2314478527097141,
    0.24059890561244068,
    0.24528159113491282,
    0.24387609257417567,
    0.255740027217304,
    0.2465374496053247,
    0.25192107172573314,
    0.2487123529700672,
    0.2370175929630504,
    0.24989934616229115,
    0.2668914891341153,
    0.2758949057144277,
    0.2703289599979625,
    0.27276797680293813,
    0.2694399269188152,
    0.28012898389030905,
    0.292405870030908,
    0.27231616483015175,
    0.2957990651621538,
    0.2957453508587444,
    0.2830840997836169,
    0.28993694396579966,
    0.2881399095058441,
    0.29652657841934876,
    0.28811786542920503,
    0.3043816335061017,
    0.29418234264149384,
    0.30168941091088686,
    0.31937166873146505,
    0.3014930977540858,
    0.3216280937194824,
    0.3058694381924236,
    0.29909062122597413,
    0.30564068345462575,
    0.3050769181812511,
    0.31291924329365,
    0.32562394440174103,
    0.3143430965788224,
    0.3186729830854079,
    0.328709016827976,
    0.3189222847714144,
    0.33946243980351615,
    0.30821140724069934,
    0.3307109238470302,
    0.3185292052872041,
    0.31845633860896616,
    0.3118620295734966,
    0.3109745716347414,
    0.3126757740974426,
    0.3067261585417916,
    0.3186962613288094,
    0.31781112183542815,
    0.31315407244598165,
    0.32280442118644714,
    0.30885691502515006,
    0.3152681966038311,
    0.31645036269636717,
    0.30727481929694905,
    0.3044004983761731,
    0.31178556645617767,
    0.31471449750311237,
    0.3001371920108795,
    0.3123793339028078,
    0.29777472597711224,
    0.3005708236904705,
    0.2904670483925763,
    0.3068879343131009,
    0.29813941436655383,
    0.29324550488415885,
    0.3019101049970178,
    0.2959600082215141,
    0.2935919910669327,
    0.2955249609316097,
    0.28791125907617454,
    0.29439986803952384,
    0.2899662484140957,
    0.28331777278114767,
    0.29381022558492775,
    0.2953975069172242,
    0.28359217941761017,
    0.2817905852023293,
    0.28051741421222687,
    0.2845929151072222,
    0.2802934269694721,
    0.27844832574619965,
    0.2808375025496763,
    0.2943533667746712,
    0.2818736845956129,
    0.2822602040627423,
    0.27901604771614075,
    0.2758573854670805,
    0.2834881666828604,
    0.28883277756326337,
    0.2791719296399285,
    0.28322794156916004,
    0.28415388833074007
  ],
  "val_losses": [
    0.38261662774226246,
    0.3098970620947726,
    0.369418888407595,
    0.4046776583966087,
    0.3866855861509548,
    0.3859228539992781,
    0.3424476766410996,
    0.3723718068178962,
    0.3480229145463775,
    0.3828260013285805,
    0.36345065954853506,
    0.3743131581474753,
    0.3845750636914197,
    0.4158523069585071,
    0.41617535580607024,
    0.3650673351743642,
    0.3817480859511039,
    0.3442249241120675,
    0.3724576673086952,
    0.4406563736060086,
    0.37744951511130614,
    0.4058237259878832,
    0.4141698291196543,
    0.3741317571086042,
    0.39799600050729866,
    0.4183211247710621,
    0.3487326494034599,
    0.44619690670686607,
    0.4988439495072645,
    0.4102029554984149,
    0.4707643284517176,
    0.41583031678901,
    0.4033127760185915,
    0.4604101838434444,
    0.413031848914483,
    0.4418358548599131,
    0.3908679888528936,
    0.3858843314297059,
    0.36101193024831657,
    0.4094560488181956,
    0.412027244182194,
    0.4035468653720968,
    0.4264650152010076,
    0.3603683797752156,
    0.43823274794746847,
    0.42177653400336995,
    0.4481554101495182,
    0.5199912839076098,
    0.4168702022117727,
    0.4062630779602948,
    0.4240909420392093,
    0.44833621908636656,
    0.44905024942229776,
    0.47268472348942475,
    0.47175538276924806,
    0.41140017789952893,
    0.4677107018582961,
    0.38881151115193086,
    0.43956221640110016,
    0.4385455820490332,
    0.4457114119740093,
    0.4714457568000345,
    0.4728044516900006,
    0.42268039636752186,
    0.4478246508275761,
    0.47866831632221446,
    0.4490687864668229,
    0.485578551011927,
    0.4344550309812321,
    0.5024735015981338,
    0.5339989977724412,
    0.5071291941053727,
    0.4918983193004833,
    0.5030805792878655,
    0.544548280098859,
    0.4722700092722388,
    0.49328457082019134,
    0.5154300647623399,
    0.4607040978529874,
    0.5545411223874372,
    0.5434489022282993,
    0.5346251059980953,
    0.5352467158261467,
    0.545303439392763,
    0.5717758220784804,
    0.5437674469807569,
    0.5405907017343184,
    0.5431088437052334,
    0.5321949404828689,
    0.5344907413510716,
    0.5554000402198118,
    0.5606919229030609,
    0.5751467785414528,
    0.5386437002350303,
    0.5240389511865728,
    0.5274869299986783,
    0.5471995122292462,
    0.5623942911624908,
    0.5635799712994519,
    0.5607334655873916
  ],
  "best_val_loss": 0.3098970620947726
}